t,x,y,z
0.000000000000000000e+00,5.000000000000000278e-02,0.000000000000000000e+00,0.000000000000000000e+00
5.000000000000000240e-05,4.998505501412728869e-01,-1.222405511550027531e-02,0.000000000000000000e+00
1.000000000000000048e-04,4.998371278174780774e-01,-1.276109929332166180e-02,0.000000000000000000e+00
1.500000000000000140e-04,4.998231284884853687e-01,-1.329812873990318493e-02,0.000000000000000000e+00
2.000000000000000096e-04,4.998085521704552781e-01,-1.383514283530533177e-02,0.000000000000000000e+00
2.500000000000000052e-04,4.997933988802144567e-01,-1.437214095960632002e-02,0.000000000000000000e+00
3.000000000000000279e-04,4.997776686352558562e-01,-1.490912249290280746e-02,0.000000000000000000e+00
3.499999999999999964e-04,4.997613614537381177e-01,-1.544608681531058937e-02,0.000000000000000000e+00
4.000000000000000192e-04,4.997444773544860164e-01,-1.598303330696534269e-02,0.000000000000000000e+00
4.500000000000000419e-04,4.997270163569904611e-01,-1.651996134802332858e-02,0.000000000000000000e+00
5.000000000000000104e-04,4.997089784814079949e-01,-1.705687031866209152e-02,0.000000000000000000e+00
5.500000000000000331e-04,4.996903637485615168e-01,-1.759375959908120526e-02,0.000000000000000000e+00
6.000000000000000559e-04,4.996711721799393935e-01,-1.813062856950297189e-02,0.000000000000000000e+00
6.500000000000000786e-04,4.996514037976963474e-01,-1.866747661017314000e-02,0.000000000000000000e+00
6.999999999999999929e-04,4.996310586246526242e-01,-1.920430310136160904e-02,0.000000000000000000e+00
7.500000000000000156e-04,4.996101366842943259e-01,-1.974110742336315782e-02,0.000000000000000000e+00
8.000000000000000383e-04,4.995886380007734662e-01,-2.027788895649816972e-02,0.000000000000000000e+00
8.500000000000000611e-04,4.995665625989080816e-01,-2.081464708111332995e-02,0.000000000000000000e+00
9.000000000000000838e-04,4.995439105041813987e-01,-2.135138117758233339e-02,0.000000000000000000e+00
9.499999999999999981e-04,4.995206817427427781e-01,-2.188809062630662355e-02,0.000000000000000000e+00
1.000000000000000021e-03,4.994968763414073254e-01,-2.242477480771609688e-02,0.000000000000000000e+00
1.050000000000000152e-03,4.994724943276556695e-01,-2.296143310226982440e-02,0.000000000000000000e+00
1.100000000000000066e-03,4.994475357296337958e-01,-2.349806489045673519e-02,0.000000000000000000e+00
1.149999999999999981e-03,4.994220005761538794e-01,-2.403466955279639702e-02,0.000000000000000000e+00
1.200000000000000112e-03,4.993958888966932852e-01,-2.457124646983965821e-02,0.000000000000000000e+00
1.250000000000000026e-03,4.993692007213948458e-01,-2.510779502216940046e-02,0.000000000000000000e+00
1.300000000000000157e-03,4.993419360810670837e-01,-2.564431459040126052e-02,0.000000000000000000e+00
1.350000000000000071e-03,4.993140950071840445e-01,-2.618080455518433103e-02,0.000000000000000000e+00
1.399999999999999986e-03,4.992856775318850193e-01,-2.671726429720187868e-02,0.000000000000000000e+00
1.450000000000000117e-03,4.992566836879746561e-01,-2.725369319717204850e-02,0.000000000000000000e+00
1.500000000000000031e-03,4.992271135089232370e-01,-2.779009063584860634e-02,0.000000000000000000e+00
1.550000000000000162e-03,4.991969670288659566e-01,-2.832645599402161540e-02,0.000000000000000000e+00
1.600000000000000077e-03,4.991662442826036994e-01,-2.886278865251819259e-02,0.000000000000000000e+00
1.649999999999999991e-03,4.991349453056024288e-01,-2.939908799220320237e-02,0.000000000000000000e+00
1.700000000000000122e-03,4.991030701339930209e-01,-2.993535339397994377e-02,0.000000000000000000e+00
1.750000000000000036e-03,4.990706188045718195e-01,-3.047158423879092401e-02,0.000000000000000000e+00
1.800000000000000168e-03,4.990375913548002473e-01,-3.100777990761853856e-02,0.000000000000000000e+00
1.850000000000000082e-03,4.990039878228049175e-01,-3.154393978148578581e-02,0.000000000000000000e+00
1.899999999999999996e-03,4.989698082473769669e-01,-3.208006324145695753e-02,0.000000000000000000e+00
1.950000000000000127e-03,4.989350526679730002e-01,-3.261614966863842641e-02,0.000000000000000000e+00
2.000000000000000042e-03,4.988997211247143126e-01,-3.315219844417929135e-02,0.000000000000000000e+00
2.050000000000000173e-03,4.988638136583873339e-01,-3.368820894927213039e-02,0.000000000000000000e+00
2.100000000000000304e-03,4.988273303104428513e-01,-3.422418056515365986e-02,0.000000000000000000e+00
2.150000000000000001e-03,4.987902711229971198e-01,-3.476011267310556013e-02,0.000000000000000000e+00
2.200000000000000133e-03,4.987526361388304741e-01,-3.529600465445504459e-02,0.000000000000000000e+00
2.250000000000000264e-03,4.987144254013883837e-01,-3.583185589057570619e-02,0.000000000000000000e+00
2.299999999999999961e-03,4.986756389547807866e-01,-3.636766576288813502e-02,0.000000000000000000e+00
2.350000000000000092e-03,4.986362768437820892e-01,-3.690343365286067462e-02,0.000000000000000000e+00
2.400000000000000223e-03,4.985963391138314993e-01,-3.743915894201015754e-02,0.000000000000000000e+00
2.449999999999999921e-03,4.985558258110326935e-01,-3.797484101190258532e-02,0.000000000000000000e+00
2.500000000000000052e-03,4.985147369821534280e-01,-3.851047924415382934e-02,0.000000000000000000e+00
2.550000000000000183e-03,4.984730726746262053e-01,-3.904607302043038713e-02,0.000000000000000000e+00
2.600000000000000314e-03,4.984308329365478296e-01,-3.958162172245006938e-02,0.000000000000000000e+00
2.650000000000000012e-03,4.983880178166791852e-01,-4.011712473198273538e-02,0.000000000000000000e+00
2.700000000000000143e-03,4.983446273644455138e-01,-4.065258143085097309e-02,0.000000000000000000e+00
2.750000000000000274e-03,4.983006616299360259e-01,-4.118799120093081384e-02,0.000000000000000000e+00
2.799999999999999972e-03,4.982561206639043450e-01,-4.172335342415249559e-02,0.000000000000000000e+00
2.850000000000000103e-03,4.982110045177680080e-01,-4.225866748250114990e-02,0.000000000000000000e+00
2.900000000000000234e-03,4.981653132436081322e-01,-4.279393275801745417e-02,0.000000000000000000e+00
2.949999999999999931e-03,4.981190468941705252e-01,-4.332914863279847817e-02,0.000000000000000000e+00
3.000000000000000062e-03,4.980722055228642420e-01,-4.386431448899826002e-02,0.000000000000000000e+00
3.050000000000000194e-03,4.980247891837621954e-01,-4.439942970882859719e-02,0.000000000000000000e+00
3.100000000000000325e-03,4.979767979316013227e-01,-4.493449367455973342e-02,0.000000000000000000e+00
3.150000000000000022e-03,4.979282318217820857e-01,-4.546950576852110126e-02,0.000000000000000000e+00
3.200000000000000153e-03,4.978790909103685824e-01,-4.600446537310200201e-02,0.000000000000000000e+00
3.250000000000000284e-03,4.978293752540882688e-01,-4.653937187075230658e-02,0.000000000000000000e+00
3.299999999999999982e-03,4.977790849103323478e-01,-4.707422464398323264e-02,0.000000000000000000e+00
3.350000000000000113e-03,4.977282199371550475e-01,-4.760902307536796912e-02,0.000000000000000000e+00
3.400000000000000244e-03,4.976767803932746204e-01,-4.814376654754250195e-02,0.000000000000000000e+00
3.450000000000000375e-03,4.976247663380719555e-01,-4.867845444320620385e-02,0.000000000000000000e+00
3.500000000000000073e-03,4.975721778315913557e-01,-4.921308614512262536e-02,0.000000000000000000e+00
3.550000000000000204e-03,4.975190149345401491e-01,-4.974766103612016099e-02,0.000000000000000000e+00
3.600000000000000335e-03,4.974652777082892996e-01,-5.028217849909285414e-02,0.000000000000000000e+00
3.650000000000000033e-03,4.974109662148718525e-01,-5.081663791700095911e-02,0.000000000000000000e+00
3.700000000000000164e-03,4.973560805169844889e-01,-5.135103867287178769e-02,0.000000000000000000e+00
3.750000000000000295e-03,4.973006206779865823e-01,-5.188538014980038221e-02,0.000000000000000000e+00
3.799999999999999992e-03,4.972445867619001425e-01,-5.241966173095017473e-02,0.000000000000000000e+00
3.850000000000000124e-03,4.971879788334097050e-01,-5.295388279955372951e-02,0.000000000000000000e+00
3.900000000000000255e-03,4.971307969578631636e-01,-5.348804273891354794e-02,0.000000000000000000e+00
3.950000000000000386e-03,4.970730412012701049e-01,-5.402214093240260279e-02,0.000000000000000000e+00
4.000000000000000083e-03,4.970147116303033075e-01,-5.455617676346521255e-02,0.000000000000000000e+00
4.049999999999999781e-03,4.969558083122972980e-01,-5.509014961561763124e-02,0.000000000000000000e+00
4.100000000000000346e-03,4.968963313152495731e-01,-5.562405887244886715e-02,0.000000000000000000e+00
4.150000000000000043e-03,4.968362807078194332e-01,-5.615790391762131434e-02,0.000000000000000000e+00
4.200000000000000608e-03,4.967756565593285378e-01,-5.669168413487150199e-02,0.000000000000000000e+00
4.250000000000000305e-03,4.967144589397605170e-01,-5.722539890801078832e-02,0.000000000000000000e+00
4.300000000000000003e-03,4.966526879197610267e-01,-5.775904762092605449e-02,0.000000000000000000e+00
4.350000000000000568e-03,4.965903435706379154e-01,-5.829262965758050946e-02,0.000000000000000000e+00
4.400000000000000265e-03,4.965274259643603916e-01,-5.882614440201425210e-02,0.000000000000000000e+00
4.449999999999999963e-03,4.964639351735596895e-01,-5.935959123834511075e-02,0.000000000000000000e+00
4.500000000000000527e-03,4.963998712715290695e-01,-5.989296955076933021e-02,0.000000000000000000e+00
4.550000000000000225e-03,4.963352343322225968e-01,-6.042627872356218927e-02,0.000000000000000000e+00
4.599999999999999922e-03,4.962700244302565289e-01,-6.095951814107882644e-02,0.000000000000000000e+00
4.650000000000000487e-03,4.962042416409082612e-01,-6.149268718775489917e-02,0.000000000000000000e+00
4.700000000000000185e-03,4.961378860401165491e-01,-6.202578524810728466e-02,0.000000000000000000e+00
4.749999999999999882e-03,4.960709577044812302e-01,-6.255881170673481539e-02,0.000000000000000000e+00
4.800000000000000447e-03,4.960034567112638348e-01,-6.309176594831900076e-02,0.000000000000000000e+00
4.850000000000000144e-03,4.959353831383861433e-01,-6.362464735762463075e-02,0.000000000000000000e+00
4.899999999999999842e-03,4.958667370644316841e-01,-6.415745531950070579e-02,0.000000000000000000e+00
4.950000000000000407e-03,4.957975185686445130e-01,-6.469018921888093632e-02,0.000000000000000000e+00
5.000000000000000104e-03,4.957277277309293795e-01,-6.522284844078451993e-02,0.000000000000000000e+00
5.050000000000000669e-03,4.956573646318518933e-01,-6.575543237031687693e-02,0.000000000000000000e+00
5.100000000000000366e-03,4.955864293526384690e-01,-6.628794039267034421e-02,0.000000000000000000e+00
5.150000000000000064e-03,4.955149219751757150e-01,-6.682037189312491077e-02,0.000000000000000000e+00
5.200000000000000629e-03,4.954428425820106563e-01,-6.735272625704884220e-02,0.000000000000000000e+00
5.250000000000000326e-03,4.953701912563510112e-01,-6.788500286989952726e-02,0.000000000000000000e+00
5.300000000000000024e-03,4.952969680820641929e-01,-6.841720111722401909e-02,0.000000000000000000e+00
5.350000000000000588e-03,4.952231731436783080e-01,-6.894932038465992341e-02,0.000000000000000000e+00
5.400000000000000286e-03,4.951488065263809912e-01,-6.948136005793593972e-02,0.000000000000000000e+00
5.449999999999999983e-03,4.950738683160202380e-01,-7.001331952287272176e-02,0.000000000000000000e+00
5.500000000000000548e-03,4.949983585991036272e-01,-7.054519816538347421e-02,0.000000000000000000e+00
5.550000000000000246e-03,4.949222774627984878e-01,-7.107699537147468827e-02,0.000000000000000000e+00
5.599999999999999943e-03,4.948456249949321206e-01,-7.160871052724691876e-02,0.000000000000000000e+00
5.650000000000000508e-03,4.947684012839906886e-01,-7.214034301889535317e-02,0.000000000000000000e+00
5.700000000000000205e-03,4.946906064191204933e-01,-7.267189223271071363e-02,0.000000000000000000e+00
5.749999999999999903e-03,4.946122404901269198e-01,-7.320335755507979825e-02,0.000000000000000000e+00
5.800000000000000468e-03,4.945333035874743266e-01,-7.373473837248621654e-02,0.000000000000000000e+00
5.850000000000000165e-03,4.944537958022863777e-01,-7.426603407151116665e-02,0.000000000000000000e+00
5.899999999999999863e-03,4.943737172263459878e-01,-7.479724403883412920e-02,0.000000000000000000e+00
5.950000000000000427e-03,4.942930679520946557e-01,-7.532836766123350569e-02,0.000000000000000000e+00
6.000000000000000125e-03,4.942118480726327978e-01,-7.585940432558739566e-02,0.000000000000000000e+00
6.050000000000000690e-03,4.941300576817195256e-01,-7.639035341887426278e-02,0.000000000000000000e+00
6.100000000000000387e-03,4.940476968737727015e-01,-7.692121432817372595e-02,0.000000000000000000e+00
6.150000000000000085e-03,4.939647657438683281e-01,-7.745198644066710048e-02,0.000000000000000000e+00
6.200000000000000649e-03,4.938812643877411590e-01,-7.798266914363831404e-02,0.000000000000000000e+00
6.250000000000000347e-03,4.937971929017838102e-01,-7.851326182447439239e-02,0.000000000000000000e+00
6.300000000000000044e-03,4.937125513830475376e-01,-7.904376387066641696e-02,0.000000000000000000e+00
6.350000000000000609e-03,4.936273399292410713e-01,-7.957417466980995502e-02,0.000000000000000000e+00
6.400000000000000307e-03,4.935415586387316700e-01,-8.010449360960604503e-02,0.000000000000000000e+00
6.450000000000000004e-03,4.934552076105438445e-01,-8.063472007786164075e-02,0.000000000000000000e+00
6.500000000000000569e-03,4.933682869443600794e-01,-8.116485346249052713e-02,0.000000000000000000e+00
6.550000000000000266e-03,4.932807967405204996e-01,-8.169489315151390318e-02,0.000000000000000000e+00
6.599999999999999964e-03,4.931927371000225380e-01,-8.222483853306117307e-02,0.000000000000000000e+00
6.650000000000000529e-03,4.931041081245211566e-01,-8.275468899537057055e-02,0.000000000000000000e+00
6.700000000000000226e-03,4.930149099163283477e-01,-8.328444392678989450e-02,0.000000000000000000e+00
6.749999999999999924e-03,4.929251425784133001e-01,-8.381410271577724447e-02,0.000000000000000000e+00
6.800000000000000488e-03,4.928348062144023434e-01,-8.434366475090172843e-02,0.000000000000000000e+00
6.850000000000000186e-03,4.927439009285783378e-01,-8.487312942084407341e-02,0.000000000000000000e+00
6.900000000000000751e-03,4.926524268258812844e-01,-8.540249611439748589e-02,0.000000000000000000e+00
6.950000000000000448e-03,4.925603840119075483e-01,-8.593176422046820695e-02,0.000000000000000000e+00
7.000000000000000146e-03,4.924677725929102468e-01,-8.646093312807635878e-02,0.000000000000000000e+00
7.050000000000000711e-03,4.923745926757985281e-01,-8.699000222635649981e-02,0.000000000000000000e+00
7.100000000000000408e-03,4.922808443681380708e-01,-8.751897090455844352e-02,0.000000000000000000e+00
7.150000000000000105e-03,4.921865277781508619e-01,-8.804783855204796617e-02,0.000000000000000000e+00
7.200000000000000670e-03,4.920916430147144749e-01,-8.857660455830737578e-02,0.000000000000000000e+00
7.250000000000000368e-03,4.919961901873626808e-01,-8.910526831293638650e-02,0.000000000000000000e+00
7.300000000000000065e-03,4.919001694062849483e-01,-8.963382920565275691e-02,0.000000000000000000e+00
7.350000000000000630e-03,4.918035807823262773e-01,-9.016228662629294233e-02,0.000000000000000000e+00
7.400000000000000328e-03,4.917064244269873652e-01,-9.069063996481288581e-02,0.000000000000000000e+00
7.450000000000000025e-03,4.916087004524241633e-01,-9.121888861128865655e-02,0.000000000000000000e+00
7.500000000000000590e-03,4.915104089714478208e-01,-9.174703195591714378e-02,0.000000000000000000e+00
7.550000000000000287e-03,4.914115500975247408e-01,-9.227506938901688938e-02,0.000000000000000000e+00
7.599999999999999985e-03,4.913121239447763577e-01,-9.280300030102864306e-02,0.000000000000000000e+00
7.650000000000000550e-03,4.912121306279787492e-01,-9.333082408251611173e-02,0.000000000000000000e+00
7.700000000000000247e-03,4.911115702625628576e-01,-9.385854012416665337e-02,0.000000000000000000e+00
7.749999999999999944e-03,4.910104429646141577e-01,-9.438614781679206811e-02,0.000000000000000000e+00
7.800000000000000509e-03,4.909087488508728780e-01,-9.491364655132920880e-02,0.000000000000000000e+00
7.850000000000001074e-03,4.908064880387330020e-01,-9.544103571884063331e-02,0.000000000000000000e+00
7.900000000000000772e-03,4.907036606462432116e-01,-9.596831471051547879e-02,0.000000000000000000e+00
7.950000000000000469e-03,4.906002667921059990e-01,-9.649548291767003072e-02,0.000000000000000000e+00
8.000000000000000167e-03,4.904963065956779444e-01,-9.702253973174849999e-02,0.000000000000000000e+00
8.049999999999999864e-03,4.903917801769691054e-01,-9.754948454432359195e-02,0.000000000000000000e+00
8.099999999999999561e-03,4.902866876566433496e-01,-9.807631674709736680e-02,0.000000000000000000e+00
8.150000000000000994e-03,4.901810291560183552e-01,-9.860303573190194737e-02,0.000000000000000000e+00
8.200000000000000691e-03,4.900748047970645005e-01,-9.912964089070001872e-02,0.000000000000000000e+00
8.250000000000000389e-03,4.899680147024059185e-01,-9.965613161558574407e-02,0.000000000000000000e+00
8.300000000000000086e-03,4.898606589953196644e-01,-1.001825072987853893e-01,0.000000000000000000e+00
8.349999999999999784e-03,4.897527377997355491e-01,-1.007087673326579752e-01,0.000000000000000000e+00
8.400000000000001216e-03,4.896442512402365832e-01,-1.012349111096961379e-01,0.000000000000000000e+00
8.450000000000000913e-03,4.895351994420580333e-01,-1.017609380225265869e-01,0.000000000000000000e+00
8.500000000000000611e-03,4.894255825310876995e-01,-1.022868474639109654e-01,0.000000000000000000e+00
8.550000000000000308e-03,4.893154006338661932e-01,-1.028126388267466135e-01,0.000000000000000000e+00
8.600000000000000006e-03,4.892046538775856601e-01,-1.033383115040670541e-01,0.000000000000000000e+00
8.649999999999999703e-03,4.890933423900908350e-01,-1.038638648890429089e-01,0.000000000000000000e+00
8.700000000000001135e-03,4.889814662998780981e-01,-1.043892983749824949e-01,0.000000000000000000e+00
8.750000000000000833e-03,4.888690257360958080e-01,-1.049146113553325182e-01,0.000000000000000000e+00
8.800000000000000530e-03,4.887560208285437469e-01,-1.054398032236788102e-01,0.000000000000000000e+00
8.850000000000000228e-03,4.886424517076732310e-01,-1.059648733737469650e-01,0.000000000000000000e+00
8.899999999999999925e-03,4.885283185045870002e-01,-1.064898211994031729e-01,0.000000000000000000e+00
8.949999999999999623e-03,4.884136213510386626e-01,-1.070146460946547473e-01,0.000000000000000000e+00
9.000000000000001055e-03,4.882983603794333050e-01,-1.075393474536509714e-01,0.000000000000000000e+00
9.050000000000000752e-03,4.881825357228264939e-01,-1.080639246706837087e-01,0.000000000000000000e+00
9.100000000000000450e-03,4.880661475149247752e-01,-1.085883771401881803e-01,0.000000000000000000e+00
9.150000000000000147e-03,4.879491958900847859e-01,-1.091127042567434646e-01,0.000000000000000000e+00
9.199999999999999845e-03,4.878316809833143641e-01,-1.096369054150735933e-01,0.000000000000000000e+00
9.250000000000001277e-03,4.877136029302707732e-01,-1.101609800100477599e-01,0.000000000000000000e+00
9.300000000000000974e-03,4.875949618672618668e-01,-1.106849274366814156e-01,0.000000000000000000e+00
9.350000000000000672e-03,4.874757579312452571e-01,-1.112087470901367559e-01,0.000000000000000000e+00
9.400000000000000369e-03,4.873559912598283139e-01,-1.117324383657234271e-01,0.000000000000000000e+00
9.450000000000000067e-03,4.872356619912679987e-01,-1.122560006588993603e-01,0.000000000000000000e+00
9.499999999999999764e-03,4.871147702644709754e-01,-1.127794333652713810e-01,0.000000000000000000e+00
9.550000000000001196e-03,4.869933162189928888e-01,-1.133027358805958479e-01,0.000000000000000000e+00
9.600000000000000894e-03,4.868712999950385312e-01,-1.138259076007794163e-01,0.000000000000000000e+00
9.650000000000000591e-03,4.867487217334620087e-01,-1.143489479218798011e-01,0.000000000000000000e+00
9.700000000000000289e-03,4.866255815757658532e-01,-1.148718562401063042e-01,0.000000000000000000e+00
9.749999999999999986e-03,4.865018796641014664e-01,-1.153946319518206615e-01,0.000000000000000000e+00
9.799999999999999684e-03,4.863776161412685650e-01,-1.159172744535377081e-01,0.000000000000000000e+00
9.850000000000001116e-03,4.862527911507153466e-01,-1.164397831419260315e-01,0.000000000000000000e+00
9.900000000000000813e-03,4.861274048365380462e-01,-1.169621574138086928e-01,0.000000000000000000e+00
9.950000000000000511e-03,4.860014573434810470e-01,-1.174843966661639344e-01,0.000000000000000000e+00
1.000000000000000021e-02,4.858749488169363251e-01,-1.180065002961258325e-01,0.000000000000000000e+00
1.004999999999999991e-02,4.857478794029435054e-01,-1.185284677009850046e-01,0.000000000000000000e+00
1.010000000000000134e-02,4.856202492481898614e-01,-1.190502982781894009e-01,0.000000000000000000e+00
1.015000000000000104e-02,4.854920585000101485e-01,-1.195719914253449007e-01,0.000000000000000000e+00
1.020000000000000073e-02,4.853633073063856607e-01,-1.200935465402159646e-01,0.000000000000000000e+00
1.025000000000000043e-02,4.852339958159451738e-01,-1.206149630207264817e-01,0.000000000000000000e+00
1.030000000000000013e-02,4.851041241779642799e-01,-1.211362402649603515e-01,0.000000000000000000e+00
1.034999999999999983e-02,4.849736925423648870e-01,-1.216573776711621785e-01,0.000000000000000000e+00
1.040000000000000126e-02,4.848427010597154418e-01,-1.221783746377379798e-01,0.000000000000000000e+00
1.045000000000000095e-02,4.847111498812307073e-01,-1.226992305632559205e-01,0.000000000000000000e+00
1.050000000000000065e-02,4.845790391587718182e-01,-1.232199448464471048e-01,0.000000000000000000e+00
1.055000000000000035e-02,4.844463690448453930e-01,-1.237405168862059229e-01,0.000000000000000000e+00
1.060000000000000005e-02,4.843131396926040888e-01,-1.242609460815911060e-01,0.000000000000000000e+00
1.064999999999999974e-02,4.841793512558460466e-01,-1.247812318318262392e-01,0.000000000000000000e+00
1.070000000000000118e-02,4.840450038890148354e-01,-1.253013735363005254e-01,0.000000000000000000e+00
1.075000000000000087e-02,4.839100977471992859e-01,-1.258213705945694649e-01,0.000000000000000000e+00
1.080000000000000057e-02,4.837746329861331573e-01,-1.263412224063554801e-01,0.000000000000000000e+00
1.085000000000000027e-02,4.836386097621949709e-01,-1.268609283715486646e-01,0.000000000000000000e+00
1.089999999999999997e-02,4.835020282324083984e-01,-1.273804878902075610e-01,0.000000000000000000e+00
1.094999999999999966e-02,4.833648885544411522e-01,-1.278999003625596875e-01,0.000000000000000000e+00
1.100000000000000110e-02,4.832271908866053178e-01,-1.284191651890023156e-01,0.000000000000000000e+00
1.105000000000000079e-02,4.830889353878574655e-01,-1.289382817701031914e-01,0.000000000000000000e+00
1.110000000000000049e-02,4.829501222177974840e-01,-1.294572495066011464e-01,0.000000000000000000e+00
1.115000000000000019e-02,4.828107515366698577e-01,-1.299760677994069580e-01,0.000000000000000000e+00
1.119999999999999989e-02,4.826708235053619456e-01,-1.304947360496037378e-01,0.000000000000000000e+00
1.125000000000000132e-02,4.825303382854047585e-01,-1.310132536584479312e-01,0.000000000000000000e+00
1.130000000000000102e-02,4.823892960389726259e-01,-1.315316200273698166e-01,0.000000000000000000e+00
1.135000000000000071e-02,4.822476969288827520e-01,-1.320498345579743382e-01,0.000000000000000000e+00
1.140000000000000041e-02,4.821055411185952710e-01,-1.325678966520416335e-01,0.000000000000000000e+00
1.145000000000000011e-02,4.819628287722129145e-01,-1.330858057115278936e-01,0.000000000000000000e+00
1.149999999999999981e-02,4.818195600544807888e-01,-1.336035611385658906e-01,0.000000000000000000e+00
1.155000000000000124e-02,4.816757351307865420e-01,-1.341211623354658378e-01,0.000000000000000000e+00
1.160000000000000094e-02,4.815313541671594755e-01,-1.346386087047158620e-01,0.000000000000000000e+00
1.165000000000000063e-02,4.813864173302712657e-01,-1.351558996489829745e-01,0.000000000000000000e+00
1.170000000000000033e-02,4.812409247874347984e-01,-1.356730345711134322e-01,0.000000000000000000e+00
1.175000000000000003e-02,4.810948767066047238e-01,-1.361900128741337646e-01,0.000000000000000000e+00
1.179999999999999973e-02,4.809482732563771790e-01,-1.367068339612512451e-01,0.000000000000000000e+00
1.185000000000000116e-02,4.808011146059890106e-01,-1.372234972358545579e-01,0.000000000000000000e+00
1.190000000000000085e-02,4.806534009253182749e-01,-1.377400021015147136e-01,0.000000000000000000e+00
1.195000000000000055e-02,4.805051323848834599e-01,-1.382563479619854374e-01,0.000000000000000000e+00
1.200000000000000025e-02,4.803563091558439302e-01,-1.387725342212040858e-01,0.000000000000000000e+00
1.204999999999999995e-02,4.802069314099992603e-01,-1.392885602832922842e-01,0.000000000000000000e+00
1.210000000000000138e-02,4.802069314099991493e-01,-1.392885602832922565e-01,0.000000000000000000e+00
1.215000000000000108e-02,4.800569993197888463e-01,-1.398044255525564827e-01,0.000000000000000000e+00
1.220000000000000077e-02,4.799065130582923500e-01,-1.403201294334888438e-01,0.000000000000000000e+00
1.225000000000000047e-02,4.797554727992291435e-01,-1.408356713307678254e-01,0.000000000000000000e+00
1.230000000000000017e-02,4.796038787169580875e-01,-1.413510506492588747e-01,0.000000000000000000e+00
1.234999999999999987e-02,4.794517309864773091e-01,-1.418662667940150668e-01,0.000000000000000000e+00
1.240000000000000130e-02,4.792990297834238134e-01,-1.423813191702778258e-01,0.000000000000000000e+00
1.245000000000000100e-02,4.791457752840742046e-01,-1.428962071834777858e-01,0.000000000000000000e+00
1.250000000000000069e-02,4.789919676653432434e-01,-1.434109302392351792e-01,0.000000000000000000e+00
1.255000000000000039e-02,4.788376071047842353e-01,-1.439254877433606417e-01,0.000000000000000000e+00
1.260000000000000009e-02,4.786826937805890303e-01,-1.444398791018560169e-01,0.000000000000000000e+00
1.264999999999999979e-02,4.785272278715875238e-01,-1.449541037209148842e-01,0.000000000000000000e+00
1.270000000000000122e-02,4.783712095572473788e-01,-1.454681610069233078e-01,0.000000000000000000e+00
1.275000000000000092e-02,4.782146390176739148e-01,-1.459820503664605307e-01,0.000000000000000000e+00
1.280000000000000061e-02,4.780575164336101635e-01,-1.464957712062996686e-01,0.000000000000000000e+00
1.285000000000000031e-02,4.778998419864363689e-01,-1.470093229334084040e-01,0.000000000000000000e+00
1.290000000000000001e-02,4.777416158581695993e-01,-1.475227049549494851e-01,0.000000000000000000e+00
1.295000000000000144e-02,4.775828382314640796e-01,-1.480359166782817260e-01,0.000000000000000000e+00
1.300000000000000114e-02,4.774235092896105259e-01,-1.485489575109604776e-01,0.000000000000000000e+00
1.305000000000000084e-02,4.772636292165360339e-01,-1.490618268607383778e-01,0.000000000000000000e+00
1.310000000000000053e-02,4.771031981968041347e-01,-1.495745241355660171e-01,0.000000000000000000e+00
1.315000000000000023e-02,4.769422164156140176e-01,-1.500870487435925493e-01,0.000000000000000000e+00
1.319999999999999993e-02,4.767806840588011408e-01,-1.505994000931666355e-01,0.000000000000000000e+00
1.325000000000000136e-02,4.766186013128359544e-01,-1.511115775928366933e-01,0.000000000000000000e+00
1.330000000000000106e-02,4.764559683648247335e-01,-1.516235806513520634e-01,0.000000000000000000e+00
1.335000000000000075e-02,4.762927854025088559e-01,-1.521354086776633696e-01,0.000000000000000000e+00
1.340000000000000045e-02,4.761290526142643031e-01,-1.526470610809232131e-01,0.000000000000000000e+00
1.345000000000000015e-02,4.759647701891021043e-01,-1.531585372704870329e-01,0.000000000000000000e+00
1.349999999999999985e-02,4.757999383166677254e-01,-1.536698366559136886e-01,0.000000000000000000e+00
1.355000000000000128e-02,4.756345571872406808e-01,-1.541809586469660431e-01,0.000000000000000000e+00
1.360000000000000098e-02,4.754686269917347552e-01,-1.546919026536118513e-01,0.000000000000000000e+00
1.365000000000000067e-02,4.753021479216976708e-01,-1.552026680860243146e-01,0.000000000000000000e+00
1.370000000000000037e-02,4.751351201693103654e-01,-1.557132543545826642e-01,0.000000000000000000e+00
1.375000000000000007e-02,4.749675439273875477e-01,-1.562236608698731044e-01,0.000000000000000000e+00
1.380000000000000150e-02,4.747994193893770309e-01,-1.567338870426892850e-01,0.000000000000000000e+00
1.385000000000000120e-02,4.746307467493592891e-01,-1.572439322840329667e-01,0.000000000000000000e+00
1.390000000000000090e-02,4.744615262020478452e-01,-1.577537960051149102e-01,0.000000000000000000e+00
1.395000000000000059e-02,4.742917579427887165e-01,-1.582634776173553470e-01,0.000000000000000000e+00
1.400000000000000029e-02,4.741214421675598589e-01,-1.587729765323847020e-01,0.000000000000000000e+00
1.404999999999999999e-02,4.739505790729716117e-01,-1.592822921620443699e-01,0.000000000000000000e+00
1.410000000000000142e-02,4.737791688562659753e-01,-1.597914239183872986e-01,0.000000000000000000e+00
1.415000000000000112e-02,4.736072117153167227e-01,-1.603003712136787384e-01,0.000000000000000000e+00
1.420000000000000082e-02,4.734347078486286220e-01,-1.608091334603967415e-01,0.000000000000000000e+00
1.425000000000000051e-02,4.732616574553378808e-01,-1.613177100712331336e-01,0.000000000000000000e+00
1.430000000000000021e-02,4.730880607352115352e-01,-1.618261004590939578e-01,0.000000000000000000e+00
1.434999999999999991e-02,4.729139178886472838e-01,-1.623343040371002521e-01,0.000000000000000000e+00
1.440000000000000134e-02,4.727392291166733762e-01,-1.628423202185887431e-01,0.000000000000000000e+00
1.445000000000000104e-02,4.725639946209479469e-01,-1.633501484171123730e-01,0.000000000000000000e+00
1.450000000000000074e-02,4.723882146037594598e-01,-1.638577880464411884e-01,0.000000000000000000e+00
1.455000000000000043e-02,4.722118892680259861e-01,-1.643652385205629507e-01,0.000000000000000000e+00
1.460000000000000013e-02,4.720350188172950379e-01,-1.648724992536836353e-01,0.000000000000000000e+00
1.465000000000000156e-02,4.718576034557434573e-01,-1.653795696602283483e-01,0.000000000000000000e+00
1.470000000000000126e-02,4.716796433881771389e-01,-1.658864491548419084e-01,0.000000000000000000e+00
1.475000000000000096e-02,4.715011388200309184e-01,-1.663931371523895419e-01,0.000000000000000000e+00
1.480000000000000066e-02,4.713220899573677958e-01,-1.668996330679574092e-01,0.000000000000000000e+00
1.485000000000000035e-02,4.711424970068796014e-01,-1.674059363168536041e-01,0.000000000000000000e+00
1.490000000000000005e-02,4.709623601758857747e-01,-1.679120463146084319e-01,0.000000000000000000e+00
1.495000000000000148e-02,4.707816796723339192e-01,-1.684179624769754358e-01,0.000000000000000000e+00
1.500000000000000118e-02,4.706004557047993031e-01,-1.689236842199318689e-01,0.000000000000000000e+00
1.505000000000000088e-02,4.704186884824841375e-01,-1.694292109596793883e-01,0.000000000000000000e+00
1.510000000000000057e-02,4.702363782152181870e-01,-1.699345421126447764e-01,0.000000000000000000e+00
1.515000000000000027e-02,4.700535251134580483e-01,-1.704396770954806350e-01,0.000000000000000000e+00
1.519999999999999997e-02,4.698701293882866503e-01,-1.709446153250659683e-01,0.000000000000000000e+00
1.525000000000000140e-02,4.696861912514135873e-01,-1.714493562185069320e-01,0.000000000000000000e+00
1.530000000000000110e-02,4.695017109151747303e-01,-1.719538991931375549e-01,0.000000000000000000e+00
1.535000000000000080e-02,4.693166885925314502e-01,-1.724582436665201557e-01,0.000000000000000000e+00
1.540000000000000049e-02,4.691311244970711170e-01,-1.729623890564463973e-01,0.000000000000000000e+00
1.545000000000000019e-02,4.689450188430063782e-01,-1.734663347809376754e-01,0.000000000000000000e+00
1.549999999999999989e-02,4.687583718451751591e-01,-1.739700802582459238e-01,0.000000000000000000e+00
1.555000000000000132e-02,4.685711837190400519e-01,-1.744736249068540856e-01,0.000000000000000000e+00
1.560000000000000102e-02,4.683834546806885935e-01,-1.749769681454771131e-01,0.000000000000000000e+00
1.565000000000000072e-02,4.681951849468327098e-01,-1.754801093930624389e-01,0.000000000000000000e+00
1.570000000000000215e-02,4.680063747348082726e-01,-1.759830480687905874e-01,0.000000000000000000e+00
1.575000000000000011e-02,4.678170242625752651e-01,-1.764857835920759788e-01,0.000000000000000000e+00
1.580000000000000154e-02,4.676271337487173385e-01,-1.769883153825675681e-01,0.000000000000000000e+00
1.584999999999999951e-02,4.674367034124415898e-01,-1.774906428601495112e-01,0.000000000000000000e+00
1.590000000000000094e-02,4.672457334735780621e-01,-1.779927654449416641e-01,0.000000000000000000e+00
1.595000000000000237e-02,4.670542241525799665e-01,-1.784946825573006379e-01,0.000000000000000000e+00
1.600000000000000033e-02,4.668621756705231829e-01,-1.789963936178201320e-01,0.000000000000000000e+00
1.605000000000000177e-02,4.666695882491055936e-01,-1.794978980473315999e-01,0.000000000000000000e+00
1.609999999999999973e-02,4.664764621106476383e-01,-1.799991952669051931e-01,0.000000000000000000e+00
1.615000000000000116e-02,4.662827974780916485e-01,-1.805002846978502606e-01,0.000000000000000000e+00
1.619999999999999912e-02,4.660885945750011805e-01,-1.810011657617158765e-01,0.000000000000000000e+00
1.625000000000000056e-02,4.658938536255616270e-01,-1.815018378802917554e-01,0.000000000000000000e+00
1.630000000000000199e-02,4.656985748545792170e-01,-1.820023004756088358e-01,0.000000000000000000e+00
1.634999999999999995e-02,4.655027584874812385e-01,-1.825025529699398907e-01,0.000000000000000000e+00
1.640000000000000138e-02,4.653064047503153167e-01,-1.830025947858002211e-01,0.000000000000000000e+00
1.644999999999999934e-02,4.651095138697495246e-01,-1.835024253459482668e-01,0.000000000000000000e+00
1.650000000000000078e-02,4.649120860730720506e-01,-1.840020440733864671e-01,0.000000000000000000e+00
1.655000000000000221e-02,4.647141215881908649e-01,-1.845014503913617321e-01,0.000000000000000000e+00
1.660000000000000017e-02,4.645156206436336088e-01,-1.850006437233662482e-01,0.000000000000000000e+00
1.665000000000000160e-02,4.643165834685468729e-01,-1.854996234931379218e-01,0.000000000000000000e+00
1.669999999999999957e-02,4.641170102926965857e-01,-1.859983891246612953e-01,0.000000000000000000e+00
1.675000000000000100e-02,4.639169013464674030e-01,-1.864969400421681578e-01,0.000000000000000000e+00
1.680000000000000243e-02,4.637162568608621527e-01,-1.869952756701380170e-01,0.000000000000000000e+00
1.685000000000000039e-02,4.635150770675022236e-01,-1.874933954332989872e-01,0.000000000000000000e+00
1.690000000000000183e-02,4.633133621986268991e-01,-1.879912987566284277e-01,0.000000000000000000e+00
1.694999999999999979e-02,4.631111124870930795e-01,-1.884889850653534982e-01,0.000000000000000000e+00
1.700000000000000122e-02,4.629083281663749494e-01,-1.889864537849517967e-01,0.000000000000000000e+00
1.704999999999999918e-02,4.627050094705640881e-01,-1.894837043411522481e-01,0.000000000000000000e+00
1.710000000000000062e-02,4.625011566343687486e-01,-1.899807361599355482e-01,0.000000000000000000e+00
1.715000000000000205e-02,4.622967698931140790e-01,-1.904775486675349405e-01,0.000000000000000000e+00
1.720000000000000001e-02,4.620918494827411238e-01,-1.909741412904367441e-01,0.000000000000000000e+00
1.725000000000000144e-02,4.618863956398073789e-01,-1.914705134553812138e-01,0.000000000000000000e+00
1.729999999999999941e-02,4.616804086014858477e-01,-1.919666645893630119e-01,0.000000000000000000e+00
1.735000000000000084e-02,4.614738886055654299e-01,-1.924625941196320966e-01,0.000000000000000000e+00
1.740000000000000227e-02,4.612668358904495891e-01,-1.929583014736939994e-01,0.000000000000000000e+00
1.745000000000000023e-02,4.610592506951575742e-01,-1.934537860793110464e-01,0.000000000000000000e+00
1.750000000000000167e-02,4.608511332593226428e-01,-1.939490473645023860e-01,0.000000000000000000e+00
1.754999999999999963e-02,4.606424838231929497e-01,-1.944440847575452658e-01,0.000000000000000000e+00
1.760000000000000106e-02,4.604333026276303253e-01,-1.949388976869750878e-01,0.000000000000000000e+00
1.765000000000000249e-02,4.602235899141108866e-01,-1.954334855815865468e-01,0.000000000000000000e+00
1.770000000000000046e-02,4.600133459247242040e-01,-1.959278478704342130e-01,0.000000000000000000e+00
1.775000000000000189e-02,4.598025709021729690e-01,-1.964219839828328373e-01,0.000000000000000000e+00
1.779999999999999985e-02,4.595912650897729379e-01,-1.969158933483584062e-01,0.000000000000000000e+00
1.785000000000000128e-02,4.593794287314527658e-01,-1.974095753968486688e-01,0.000000000000000000e+00
1.789999999999999925e-02,4.591670620717535622e-01,-1.979030295584038035e-01,0.000000000000000000e+00
1.795000000000000068e-02,4.589541653558283363e-01,-1.983962552633869725e-01,0.000000000000000000e+00
1.800000000000000211e-02,4.587407388294422184e-01,-1.988892519424251271e-01,0.000000000000000000e+00
1.805000000000000007e-02,4.585267827389719608e-01,-1.993820190264096182e-01,0.000000000000000000e+00
1.810000000000000150e-02,4.583122973314056048e-01,-1.998745559464968347e-01,0.000000000000000000e+00
1.814999999999999947e-02,4.580972828543419806e-01,-2.003668621341087586e-01,0.000000000000000000e+00
1.820000000000000090e-02,4.578817395559911518e-01,-2.008589370209338809e-01,0.000000000000000000e+00
1.825000000000000233e-02,4.576656676851732497e-01,-2.013507800389275904e-01,0.000000000000000000e+00
1.830000000000000029e-02,4.574490674913186949e-01,-2.018423906203129503e-01,0.000000000000000000e+00
1.835000000000000173e-02,4.572319392244676983e-01,-2.023337681975813651e-01,0.000000000000000000e+00
1.839999999999999969e-02,4.570142831352704826e-01,-2.028249122034933849e-01,0.000000000000000000e+00
1.845000000000000112e-02,4.567960994749861170e-01,-2.033158220710788999e-01,0.000000000000000000e+00
1.850000000000000255e-02,4.565773884954827944e-01,-2.038064972336381953e-01,0.000000000000000000e+00
1.855000000000000052e-02,4.563581504492375540e-01,-2.042969371247425614e-01,0.000000000000000000e+00
1.860000000000000195e-02,4.561383855893359485e-01,-2.047871411782349049e-01,0.000000000000000000e+00
1.864999999999999991e-02,4.559180941694713218e-01,-2.052771088282302203e-01,0.000000000000000000e+00
1.870000000000000134e-02,4.556972764439453094e-01,-2.057668395091165892e-01,0.000000000000000000e+00
1.874999999999999931e-02,4.554759326676666720e-01,-2.062563326555554577e-01,0.000000000000000000e+00
1.880000000000000074e-02,4.552540630961518509e-01,-2.067455877024826361e-01,0.000000000000000000e+00
1.885000000000000217e-02,4.550316679855240243e-01,-2.072346040851087423e-01,0.000000000000000000e+00
1.890000000000000013e-02,4.548087475925131629e-01,-2.077233812389199519e-01,0.000000000000000000e+00
1.895000000000000157e-02,4.545853021744553080e-01,-2.082119185996784139e-01,0.000000000000000000e+00
1.899999999999999953e-02,4.543613319892930158e-01,-2.087002156034233336e-01,0.000000000000000000e+00
1.905000000000000096e-02,4.541368372955744137e-01,-2.091882716864712499e-01,0.000000000000000000e+00
1.910000000000000239e-02,4.539118183524531447e-01,-2.096760862854168961e-01,0.000000000000000000e+00
1.915000000000000036e-02,4.536862754196878678e-01,-2.101636588371335879e-01,0.000000000000000000e+00
1.920000000000000179e-02,4.534602087576425355e-01,-2.106509887787743340e-01,0.000000000000000000e+00
1.924999999999999975e-02,4.532336186272851730e-01,-2.111380755477719473e-01,0.000000000000000000e+00
1.930000000000000118e-02,4.530065052901884326e-01,-2.116249185818400991e-01,0.000000000000000000e+00
1.935000000000000261e-02,4.527788690085289280e-01,-2.121115173189738190e-01,0.000000000000000000e+00
1.940000000000000058e-02,4.525507100450869569e-01,-2.125978711974501889e-01,0.000000000000000000e+00
1.945000000000000201e-02,4.523220286632459453e-01,-2.130839796558287869e-01,0.000000000000000000e+00
1.949999999999999997e-02,4.520928251269927811e-01,-2.135698421329526586e-01,0.000000000000000000e+00
1.955000000000000140e-02,4.518630997009167594e-01,-2.140554580679486785e-01,0.000000000000000000e+00
1.959999999999999937e-02,4.516328526502099150e-01,-2.145408269002285206e-01,0.000000000000000000e+00
1.965000000000000080e-02,4.514020842406661904e-01,-2.150259480694889092e-01,0.000000000000000000e+00
1.970000000000000223e-02,4.511707947386815465e-01,-2.155108210157125614e-01,0.000000000000000000e+00
1.975000000000000019e-02,4.509389844112534629e-01,-2.159954451791687435e-01,0.000000000000000000e+00
1.980000000000000163e-02,4.507066535259806606e-01,-2.164798200004138529e-01,0.000000000000000000e+00
1.984999999999999959e-02,4.504738023510627687e-01,-2.169639449202922232e-01,0.000000000000000000e+00
1.990000000000000102e-02,4.502404311553000471e-01,-2.174478193799366521e-01,0.000000000000000000e+00
1.995000000000000245e-02,4.500065402080928867e-01,-2.179314428207689003e-01,0.000000000000000000e+00
2.000000000000000042e-02,4.497721297794419204e-01,-2.184148146845007188e-01,0.000000000000000000e+00
2.005000000000000185e-02,4.495372001399474682e-01,-2.188979344131342375e-01,0.000000000000000000e+00
2.009999999999999981e-02,4.493017515608089263e-01,-2.193808014489624647e-01,0.000000000000000000e+00
2.015000000000000124e-02,4.490657843138250449e-01,-2.198634152345703419e-01,0.000000000000000000e+00
2.020000000000000268e-02,4.488292986713933175e-01,-2.203457752128350766e-01,0.000000000000000000e+00
2.025000000000000064e-02,4.485922949065093146e-01,-2.208278808269267535e-01,0.000000000000000000e+00
2.030000000000000207e-02,4.483547732927671281e-01,-2.213097315203092497e-01,0.000000000000000000e+00
2.035000000000000003e-02,4.481167341043584273e-01,-2.217913267367406793e-01,0.000000000000000000e+00
2.040000000000000147e-02,4.478781776160725703e-01,-2.222726659202740873e-01,0.000000000000000000e+00
2.044999999999999943e-02,4.476391041032956597e-01,-2.227537485152579488e-01,0.000000000000000000e+00
2.050000000000000086e-02,4.473995138420110984e-01,-2.232345739663371409e-01,0.000000000000000000e+00
2.055000000000000229e-02,4.471594071087987010e-01,-2.237151417184532753e-01,0.000000000000000000e+00
2.060000000000000026e-02,4.469187841808341943e-01,-2.241954512168453928e-01,0.000000000000000000e+00
2.065000000000000169e-02,4.466776453358896060e-01,-2.246755019070507953e-01,0.000000000000000000e+00
2.069999999999999965e-02,4.464359908523322651e-01,-2.251552932349054625e-01,0.000000000000000000e+00
2.075000000000000108e-02,4.461938210091248580e-01,-2.256348246465447460e-01,0.000000000000000000e+00
2.080000000000000251e-02,4.459511360858249285e-01,-2.261140955884041737e-01,0.000000000000000000e+00
2.085000000000000048e-02,4.457079363625847668e-01,-2.265931055072198663e-01,0.000000000000000000e+00
2.090000000000000191e-02,4.454642221201506880e-01,-2.270718538500292039e-01,0.000000000000000000e+00
2.094999999999999987e-02,4.452199936398632540e-01,-2.275503400641716856e-01,0.000000000000000000e+00
2.100000000000000130e-02,4.449752512036563301e-01,-2.280285635972891800e-01,0.000000000000000000e+00
2.105000000000000274e-02,4.447299950940573621e-01,-2.285065238973270352e-01,0.000000000000000000e+00
2.110000000000000070e-02,4.444842255941866549e-01,-2.289842204125343283e-01,0.000000000000000000e+00
2.115000000000000213e-02,4.442379429877573171e-01,-2.294616525914647820e-01,0.000000000000000000e+00
2.120000000000000009e-02,4.439911475590744283e-01,-2.299388198829770413e-01,0.000000000000000000e+00
2.125000000000000153e-02,4.437438395930354273e-01,-2.304157217362357013e-01,0.000000000000000000e+00
2.129999999999999949e-02,4.434960193751292246e-01,-2.308923576007117229e-01,0.000000000000000000e+00
2.135000000000000092e-02,4.432476871914361460e-01,-2.313687269261831547e-01,0.000000000000000000e+00
2.140000000000000235e-02,4.429988433286275451e-01,-2.318448291627357438e-01,0.000000000000000000e+00
2.145000000000000032e-02,4.427494880739651917e-01,-2.323206637607634351e-01,0.000000000000000000e+00
2.150000000000000175e-02,4.424996217153017164e-01,-2.327962301709693427e-01,0.000000000000000000e+00
2.154999999999999971e-02,4.422492445410790562e-01,-2.332715278443658891e-01,0.000000000000000000e+00
2.160000000000000114e-02,4.419983568403296759e-01,-2.337465562322761092e-01,0.000000000000000000e+00
2.165000000000000258e-02,4.417469589026745691e-01,-2.342213147863334843e-01,0.000000000000000000e+00
2.170000000000000054e-02,4.414950510183243138e-01,-2.346958029584833294e-01,0.000000000000000000e+00
2.175000000000000197e-02,4.412426334780778503e-01,-2.351700202009827934e-01,0.000000000000000000e+00
2.179999999999999993e-02,4.409897065733225929e-01,-2.356439659664019970e-01,0.000000000000000000e+00
2.185000000000000137e-02,4.407362705960339300e-01,-2.361176397076243938e-01,0.000000000000000000e+00
2.189999999999999933e-02,4.404823258387748908e-01,-2.365910408778474361e-01,0.000000000000000000e+00
2.195000000000000076e-02,4.402278725946959792e-01,-2.370641689305832966e-01,0.000000000000000000e+00
2.200000000000000219e-02,4.399729111575343410e-01,-2.375370233196592573e-01,0.000000000000000000e+00
2.205000000000000016e-02,4.397174418216142633e-01,-2.380096034992187359e-01,0.000000000000000000e+00
2.210000000000000159e-02,4.394614648818458424e-01,-2.384819089237214529e-01,0.000000000000000000e+00
2.214999999999999955e-02,4.392049806337254836e-01,-2.389539390479445136e-01,0.000000000000000000e+00
2.220000000000000098e-02,4.389479893733352345e-01,-2.394256933269827969e-01,0.000000000000000000e+00
2.225000000000000241e-02,4.386904913973421194e-01,-2.398971712162494274e-01,0.000000000000000000e+00
2.230000000000000038e-02,4.384324870029983612e-01,-2.403683721714768573e-01,0.000000000000000000e+00
2.235000000000000181e-02,4.381739764881409371e-01,-2.408392956487170888e-01,0.000000000000000000e+00
2.239999999999999977e-02,4.379149601511905798e-01,-2.413099411043423681e-01,0.000000000000000000e+00
2.245000000000000120e-02,4.376554382911523877e-01,-2.417803079950460177e-01,0.000000000000000000e+00
2.250000000000000264e-02,4.373954112076148260e-01,-2.422503957778428807e-01,0.000000000000000000e+00
2.255000000000000060e-02,4.371348792007496709e-01,-2.427202039100699871e-01,0.000000000000000000e+00
2.260000000000000203e-02,4.368738425713116214e-01,-2.431897318493872473e-01,0.000000000000000000e+00
2.264999999999999999e-02,4.366123016206376328e-01,-2.436589790537778688e-01,0.000000000000000000e+00
2.270000000000000143e-02,4.363502566506471392e-01,-2.441279449815493552e-01,0.000000000000000000e+00
2.274999999999999939e-02,4.360877079638412201e-01,-2.445966290913337560e-01,0.000000000000000000e+00
2.280000000000000082e-02,4.358246558633026013e-01,-2.450650308420884993e-01,0.000000000000000000e+00
2.285000000000000225e-02,4.355611006526951545e-01,-2.455331496930970581e-01,0.000000000000000000e+00
2.290000000000000022e-02,4.352970426362631762e-01,-2.460009851039692275e-01,0.000000000000000000e+00
2.295000000000000165e-02,4.350324821188318314e-01,-2.464685365346422075e-01,0.000000000000000000e+00
2.299999999999999961e-02,4.347674194058061548e-01,-2.469358034453809636e-01,0.000000000000000000e+00
2.305000000000000104e-02,4.345018548031709393e-01,-2.474027852967789765e-01,0.000000000000000000e+00
2.310000000000000248e-02,4.342357886174904591e-01,-2.478694815497587134e-01,0.000000000000000000e+00
2.315000000000000044e-02,4.339692211559076918e-01,-2.483358916655722948e-01,0.000000000000000000e+00
2.320000000000000187e-02,4.337021527261446519e-01,-2.488020151058022433e-01,0.000000000000000000e+00
2.324999999999999983e-02,4.334345836365015581e-01,-2.492678513323620670e-01,0.000000000000000000e+00
2.330000000000000127e-02,4.331665141958563892e-01,-2.497333998074965922e-01,0.000000000000000000e+00
2.335000000000000270e-02,4.328979447136648839e-01,-2.501986599937830458e-01,0.000000000000000000e+00
2.340000000000000066e-02,4.326288754999602082e-01,-2.506636313541314443e-01,0.000000000000000000e+00
2.345000000000000209e-02,4.323593068653519556e-01,-2.511283133517850930e-01,0.000000000000000000e+00
2.350000000000000006e-02,4.320892391210267580e-01,-2.515927054503214189e-01,0.000000000000000000e+00
2.355000000000000149e-02,4.318186725787468982e-01,-2.520568071136524146e-01,0.000000000000000000e+00
2.359999999999999945e-02,4.315476075508508091e-01,-2.525206178060255269e-01,0.000000000000000000e+00
2.365000000000000088e-02,4.312760443502522967e-01,-2.529841369920239336e-01,0.000000000000000000e+00
2.370000000000000231e-02,4.310039832904403734e-01,-2.534473641365673768e-01,0.000000000000000000e+00
2.375000000000000028e-02,4.307314246854783701e-01,-2.539102987049127180e-01,0.000000000000000000e+00
2.380000000000000171e-02,4.304583688500044913e-01,-2.543729401626546038e-01,0.000000000000000000e+00
2.384999999999999967e-02,4.301848160992304826e-01,-2.548352879757259659e-01,0.000000000000000000e+00
2.390000000000000110e-02,4.299107667489420748e-01,-2.552973416103988535e-01,0.000000000000000000e+00
2.395000000000000254e-02,4.296362211154980404e-01,-2.557591005332847112e-01,0.000000000000000000e+00
2.400000000000000050e-02,4.293611795158302491e-01,-2.562205642113353776e-01,0.000000000000000000e+00
2.405000000000000193e-02,4.290856422674427795e-01,-2.566817321118433637e-01,0.000000000000000000e+00
2.409999999999999989e-02,4.288096096884122521e-01,-2.571426037024427957e-01,0.000000000000000000e+00
2.415000000000000133e-02,4.285330820973868304e-01,-2.576031784511097489e-01,0.000000000000000000e+00
2.420000000000000276e-02,4.282560598135863872e-01,-2.580634558261629685e-01,0.000000000000000000e+00
2.425000000000000072e-02,4.279785431568015053e-01,-2.585234352962644255e-01,0.000000000000000000e+00
2.430000000000000215e-02,4.277005324473936443e-01,-2.589831163304201489e-01,0.000000000000000000e+00
2.435000000000000012e-02,4.274220280062948074e-01,-2.594424983979806143e-01,0.000000000000000000e+00
2.440000000000000155e-02,4.271430301550065423e-01,-2.599015809686412992e-01,0.000000000000000000e+00
2.444999999999999951e-02,4.268635392156002184e-01,-2.603603635124435711e-01,0.000000000000000000e+00
2.450000000000000094e-02,4.265835555107163612e-01,-2.608188454997750760e-01,0.000000000000000000e+00
2.455000000000000238e-02,4.263030793635645410e-01,-2.612770264013705157e-01,0.000000000000000000e+00
2.460000000000000034e-02,4.260221110979222625e-01,-2.617349056883118141e-01,0.000000000000000000e+00
2.465000000000000177e-02,4.257406510381359088e-01,-2.621924828320296164e-01,0.000000000000000000e+00
2.469999999999999973e-02,4.254586995091189094e-01,-2.626497573043029554e-01,0.000000000000000000e+00
2.475000000000000117e-02,4.251762568363522954e-01,-2.631067285772604181e-01,0.000000000000000000e+00
2.480000000000000260e-02,4.248933233458840331e-01,-2.635633961233804778e-01,0.000000000000000000e+00
2.485000000000000056e-02,4.246098993643288577e-01,-2.640197594154924943e-01,0.000000000000000000e+00
2.490000000000000199e-02,4.243259852188673853e-01,-2.644758179267767129e-01,0.000000000000000000e+00
2.494999999999999996e-02,4.240415812372462789e-01,-2.649315711307654309e-01,0.000000000000000000e+00
2.500000000000000139e-02,4.237566877477776939e-01,-2.653870185013433303e-01,0.000000000000000000e+00
2.505000000000000282e-02,4.234713050793389444e-01,-2.658421595127482551e-01,0.000000000000000000e+00
2.510000000000000078e-02,4.231854335613716156e-01,-2.662969936395713777e-01,0.000000000000000000e+00
2.515000000000000221e-02,4.228990735238820631e-01,-2.667515203567584758e-01,0.000000000000000000e+00
2.520000000000000018e-02,4.226122252974405247e-01,-2.672057391396101544e-01,0.000000000000000000e+00
2.525000000000000161e-02,4.223248892131804544e-01,-2.676596494637822343e-01,0.000000000000000000e+00
2.529999999999999957e-02,4.220370656027990219e-01,-2.681132508052869734e-01,0.000000000000000000e+00
2.535000000000000100e-02,4.217487547985556695e-01,-2.685665426404930112e-01,0.000000000000000000e+00
2.540000000000000244e-02,4.214599571332726113e-01,-2.690195244461264790e-01,0.000000000000000000e+00
2.545000000000000040e-02,4.211706729403338345e-01,-2.694721956992712220e-01,0.000000000000000000e+00
2.550000000000000183e-02,4.208809025536851545e-01,-2.699245558773697984e-01,0.000000000000000000e+00
2.554999999999999979e-02,4.205906463078336599e-01,-2.703766044582238126e-01,0.000000000000000000e+00
2.560000000000000123e-02,4.202999045378470466e-01,-2.708283409199943592e-01,0.000000000000000000e+00
2.565000000000000266e-02,4.200086775793537841e-01,-2.712797647412030222e-01,0.000000000000000000e+00
2.570000000000000062e-02,4.197169657685422273e-01,-2.717308754007323190e-01,0.000000000000000000e+00
2.575000000000000205e-02,4.194247694421606720e-01,-2.721816723778262559e-01,0.000000000000000000e+00
2.580000000000000002e-02,4.191320889375165226e-01,-2.726321551520908826e-01,0.000000000000000000e+00
2.585000000000000145e-02,4.188389245924761251e-01,-2.730823232034949588e-01,0.000000000000000000e+00
2.590000000000000288e-02,4.185452767454644896e-01,-2.735321760123706203e-01,0.000000000000000000e+00
2.595000000000000084e-02,4.182511457354647355e-01,-2.739817130594139893e-01,0.000000000000000000e+00
2.600000000000000228e-02,4.179565319020176473e-01,-2.744309338256853970e-01,0.000000000000000000e+00
2.605000000000000024e-02,4.176614355852213967e-01,-2.748798377926106040e-01,0.000000000000000000e+00
2.610000000000000167e-02,4.173658571257313210e-01,-2.753284244419810234e-01,0.000000000000000000e+00
2.614999999999999963e-02,4.170697968647590348e-01,-2.757766932559541639e-01,0.000000000000000000e+00
2.620000000000000107e-02,4.167732551440724853e-01,-2.762246437170546853e-01,0.000000000000000000e+00
2.625000000000000250e-02,4.164762323059955640e-01,-2.766722753081747310e-01,0.000000000000000000e+00
2.630000000000000046e-02,4.161787286934072183e-01,-2.771195875125743169e-01,0.000000000000000000e+00
2.635000000000000189e-02,4.158807446497416738e-01,-2.775665798138823304e-01,0.000000000000000000e+00
2.639999999999999986e-02,4.155822805189877678e-01,-2.780132516960969746e-01,0.000000000000000000e+00
2.645000000000000129e-02,4.152833366456882280e-01,-2.784596026435862681e-01,0.000000000000000000e+00
2.650000000000000272e-02,4.149839133749400055e-01,-2.789056321410887662e-01,0.000000000000000000e+00
2.655000000000000068e-02,4.146840110523931089e-01,-2.793513396737140053e-01,0.000000000000000000e+00
2.660000000000000211e-02,4.143836300242507154e-01,-2.797967247269432800e-01,0.000000000000000000e+00
2.665000000000000008e-02,4.140827706372686712e-01,-2.802417867866301426e-01,0.000000000000000000e+00
2.670000000000000151e-02,4.137814332387551031e-01,-2.806865253390010140e-01,0.000000000000000000e+00
2.675000000000000294e-02,4.134796181765696410e-01,-2.811309398706557383e-01,0.000000000000000000e+00
2.680000000000000090e-02,4.131773257991234738e-01,-2.815750298685681385e-01,0.000000000000000000e+00
2.685000000000000234e-02,4.128745564553788494e-01,-2.820187948200867933e-01,0.000000000000000000e+00
2.690000000000000030e-02,4.125713104948486309e-01,-2.824622342129354258e-01,0.000000000000000000e+00
2.695000000000000173e-02,4.122675882675958525e-01,-2.829053475352136804e-01,0.000000000000000000e+00
2.699999999999999969e-02,4.119633901242332752e-01,-2.833481342753975674e-01,0.000000000000000000e+00
2.705000000000000113e-02,4.116587164159232204e-01,-2.837905939223400731e-01,0.000000000000000000e+00
2.710000000000000256e-02,4.113535674943766818e-01,-2.842327259652717153e-01,0.000000000000000000e+00
2.715000000000000052e-02,4.110479437118536583e-01,-2.846745298938013757e-01,0.000000000000000000e+00
2.720000000000000195e-02,4.107418454211618775e-01,-2.851160051979164667e-01,0.000000000000000000e+00
2.724999999999999992e-02,4.104352729756572393e-01,-2.855571513679839302e-01,0.000000000000000000e+00
2.730000000000000135e-02,4.101282267292427619e-01,-2.859979678947507375e-01,0.000000000000000000e+00
2.735000000000000278e-02,4.098207070363684146e-01,-2.864384542693440561e-01,0.000000000000000000e+00
2.740000000000000074e-02,4.095127142520307850e-01,-2.868786099832725256e-01,0.000000000000000000e+00
2.745000000000000218e-02,4.092042487317725796e-01,-2.873184345284262586e-01,0.000000000000000000e+00
2.750000000000000014e-02,4.088953108316822349e-01,-2.877579273970779505e-01,0.000000000000000000e+00
2.755000000000000157e-02,4.085859009083933624e-01,-2.881970880818828240e-01,0.000000000000000000e+00
2.760000000000000300e-02,4.082760193190846376e-01,-2.886359160758798503e-01,0.000000000000000000e+00
2.765000000000000097e-02,4.079656664214793005e-01,-2.890744108724919714e-01,0.000000000000000000e+00
2.770000000000000240e-02,4.076548425738442671e-01,-2.895125719655265439e-01,0.000000000000000000e+00
2.775000000000000036e-02,4.073435481349906850e-01,-2.899503988491766160e-01,0.000000000000000000e+00
2.780000000000000179e-02,4.073435481349905740e-01,-2.899503988491765605e-01,0.000000000000000000e+00
2.784999999999999976e-02,4.070317834642722676e-01,-2.903878910180205386e-01,0.000000000000000000e+00
2.790000000000000119e-02,4.067195489215861826e-01,-2.908250479670233535e-01,0.000000000000000000e+00
2.795000000000000262e-02,4.064068448673716638e-01,-2.912618691915371261e-01,0.000000000000000000e+00
2.800000000000000058e-02,4.060936716626100673e-01,-2.916983541873013341e-01,0.000000000000000000e+00
2.805000000000000202e-02,4.057800296688242048e-01,-2.921345024504434784e-01,0.000000000000000000e+00
2.809999999999999998e-02,4.054659192480781216e-01,-2.925703134774800263e-01,0.000000000000000000e+00
2.815000000000000141e-02,4.051513407629768193e-01,-2.930057867653167447e-01,0.000000000000000000e+00
2.820000000000000284e-02,4.048362945766652010e-01,-2.934409218112489226e-01,0.000000000000000000e+00
2.825000000000000080e-02,4.045207810528285708e-01,-2.938757181129628138e-01,0.000000000000000000e+00
2.830000000000000224e-02,4.042048005556911905e-01,-2.943101751685353040e-01,0.000000000000000000e+00
2.835000000000000020e-02,4.038883534500167238e-01,-2.947442924764351324e-01,0.000000000000000000e+00
2.840000000000000163e-02,4.035714401011076258e-01,-2.951780695355231687e-01,0.000000000000000000e+00
2.845000000000000306e-02,4.032540608748040878e-01,-2.956115058450530242e-01,0.000000000000000000e+00
2.850000000000000103e-02,4.029362161374844820e-01,-2.960446009046717730e-01,0.000000000000000000e+00
2.855000000000000246e-02,4.026179062560644728e-01,-2.964773542144202856e-01,0.000000000000000000e+00
2.860000000000000042e-02,4.022991315979967952e-01,-2.969097652747341165e-01,0.000000000000000000e+00
2.865000000000000185e-02,4.019798925312703664e-01,-2.973418335864436712e-01,0.000000000000000000e+00
2.869999999999999982e-02,4.016601894244105075e-01,-2.977735586507752052e-01,0.000000000000000000e+00
2.875000000000000125e-02,4.013400226464782228e-01,-2.982049399693511571e-01,0.000000000000000000e+00
2.880000000000000268e-02,4.010193925670696435e-01,-2.986359770441907591e-01,0.000000000000000000e+00
2.885000000000000064e-02,4.006982995563158623e-01,-2.990666693777108698e-01,0.000000000000000000e+00
2.890000000000000208e-02,4.003767439848820997e-01,-2.994970164727258632e-01,0.000000000000000000e+00
2.895000000000000004e-02,4.000547262239678714e-01,-2.999270178324489056e-01,0.000000000000000000e+00
2.900000000000000147e-02,3.997322466453060996e-01,-3.003566729604923435e-01,0.000000000000000000e+00
2.905000000000000290e-02,3.994093056211628356e-01,-3.007859813608680932e-01,0.000000000000000000e+00
2.910000000000000087e-02,3.990859035243368713e-01,-3.012149425379884726e-01,0.000000000000000000e+00
2.915000000000000230e-02,3.987620407281590729e-01,-3.016435559966663127e-01,0.000000000000000000e+00
2.920000000000000026e-02,3.984377176064923254e-01,-3.020718212421162341e-01,0.000000000000000000e+00
2.925000000000000169e-02,3.981129345337309222e-01,-3.024997377799545917e-01,0.000000000000000000e+00
2.930000000000000313e-02,3.977876918847998988e-01,-3.029273051162002517e-01,0.000000000000000000e+00
2.935000000000000109e-02,3.974619900351549773e-01,-3.033545227572753689e-01,0.000000000000000000e+00
2.940000000000000252e-02,3.971358293607821222e-01,-3.037813902100057750e-01,0.000000000000000000e+00
2.945000000000000048e-02,3.968092102381964859e-01,-3.042079069816212566e-01,0.000000000000000000e+00
2.950000000000000192e-02,3.964821330444430747e-01,-3.046340725797568871e-01,0.000000000000000000e+00
2.954999999999999988e-02,3.961545981570951391e-01,-3.050598865124526937e-01,0.000000000000000000e+00
2.960000000000000131e-02,3.958266059542545068e-01,-3.054853482881548787e-01,0.000000000000000000e+00
2.965000000000000274e-02,3.954981568145511384e-01,-3.059104574157162637e-01,0.000000000000000000e+00
2.970000000000000070e-02,3.951692511171420175e-01,-3.063352134043964559e-01,0.000000000000000000e+00
2.975000000000000214e-02,3.948398892417116501e-01,-3.067596157638631249e-01,0.000000000000000000e+00
2.980000000000000010e-02,3.945100715684706771e-01,-3.071836640041917810e-01,0.000000000000000000e+00
2.985000000000000153e-02,3.941797984781562625e-01,-3.076073576358669404e-01,0.000000000000000000e+00
2.990000000000000296e-02,3.938490703520311498e-01,-3.080306961697824031e-01,0.000000000000000000e+00
2.995000000000000093e-02,3.935178875718834957e-01,-3.084536791172419190e-01,0.000000000000000000e+00
3.000000000000000236e-02,3.931862505200261482e-01,-3.088763059899597985e-01,0.000000000000000000e+00
3.005000000000000032e-02,3.928541595792963137e-01,-3.092985763000611343e-01,0.000000000000000000e+00
3.010000000000000175e-02,3.925216151330555014e-01,-3.097204895600830232e-01,0.000000000000000000e+00
3.014999999999999972e-02,3.921886175651882467e-01,-3.101420452829742880e-01,0.000000000000000000e+00
3.020000000000000115e-02,3.918551672601026659e-01,-3.105632429820969209e-01,0.000000000000000000e+00
3.025000000000000258e-02,3.915212646027290688e-01,-3.109840821712259173e-01,0.000000000000000000e+00
3.030000000000000054e-02,3.911869099785202919e-01,-3.114045623645502747e-01,0.000000000000000000e+00
3.035000000000000198e-02,3.908521037734506431e-01,-3.118246830766733257e-01,0.000000000000000000e+00
3.039999999999999994e-02,3.905168463740159579e-01,-3.122444438226134045e-01,0.000000000000000000e+00
3.045000000000000137e-02,3.901811381672328216e-01,-3.126638441178044570e-01,0.000000000000000000e+00
3.050000000000000280e-02,3.898449795406382923e-01,-3.130828834780964853e-01,0.000000000000000000e+00
3.055000000000000077e-02,3.895083708822891233e-01,-3.135015614197560474e-01,0.000000000000000000e+00
3.060000000000000220e-02,3.891713125807619300e-01,-3.139198774594670893e-01,0.000000000000000000e+00
3.065000000000000016e-02,3.888338050251523570e-01,-3.143378311143312787e-01,0.000000000000000000e+00
3.070000000000000159e-02,3.884958486050742454e-01,-3.147554219018684485e-01,0.000000000000000000e+00
3.075000000000000303e-02,3.881574437106601883e-01,-3.151726493400175966e-01,0.000000000000000000e+00
3.080000000000000099e-02,3.878185907325600312e-01,-3.155895129471369409e-01,0.000000000000000000e+00
3.085000000000000242e-02,3.874792900619410951e-01,-3.160060122420048079e-01,0.000000000000000000e+00
3.090000000000000038e-02,3.871395420904875095e-01,-3.164221467438200763e-01,0.000000000000000000e+00
3.095000000000000182e-02,3.867993472103997132e-01,-3.168379159722027327e-01,0.000000000000000000e+00
3.099999999999999978e-02,3.864587058143940657e-01,-3.172533194471945373e-01,0.000000000000000000e+00
3.105000000000000121e-02,3.861176182957022918e-01,-3.176683566892590793e-01,0.000000000000000000e+00
3.110000000000000264e-02,3.857760850480712045e-01,-3.180830272192832209e-01,0.000000000000000000e+00
3.115000000000000061e-02,3.854341064657623162e-01,-3.184973305585769299e-01,0.000000000000000000e+00
3.120000000000000204e-02,3.850916829435508393e-01,-3.189112662288738909e-01,0.000000000000000000e+00
3.125000000000000000e-02,3.847488148767260197e-01,-3.193248337523325597e-01,0.000000000000000000e+00
3.130000000000000143e-02,3.844055026610899706e-01,-3.197380326515360527e-01,0.000000000000000000e+00
3.135000000000000286e-02,3.840617466929577284e-01,-3.201508624494932009e-01,0.000000000000000000e+00
3.140000000000000430e-02,3.837175473691565863e-01,-3.205633226696390503e-01,0.000000000000000000e+00
3.144999999999999879e-02,3.833729050870253174e-01,-3.209754128358348058e-01,0.000000000000000000e+00
3.150000000000000022e-02,3.830278202444146185e-01,-3.213871324723694967e-01,0.000000000000000000e+00
3.155000000000000165e-02,3.826822932396855559e-01,-3.217984811039593107e-01,0.000000000000000000e+00
3.160000000000000309e-02,3.823363244717099541e-01,-3.222094582557491482e-01,0.000000000000000000e+00
3.165000000000000452e-02,3.819899143398692298e-01,-3.226200634533124556e-01,0.000000000000000000e+00
3.169999999999999901e-02,3.816430632440546700e-01,-3.230302962226522245e-01,0.000000000000000000e+00
3.175000000000000044e-02,3.812957715846665430e-01,-3.234401560902013251e-01,0.000000000000000000e+00
3.180000000000000188e-02,3.809480397626135439e-01,-3.238496425828230052e-01,0.000000000000000000e+00
3.185000000000000331e-02,3.805998681793125726e-01,-3.242587552278116125e-01,0.000000000000000000e+00
3.190000000000000474e-02,3.802512572366881782e-01,-3.246674935528931494e-01,0.000000000000000000e+00
3.194999999999999923e-02,3.799022073371722263e-01,-3.250758570862256613e-01,0.000000000000000000e+00
3.200000000000000067e-02,3.795527188837030108e-01,-3.254838453563996814e-01,0.000000000000000000e+00
3.205000000000000210e-02,3.792027922797253092e-01,-3.258914578924391736e-01,0.000000000000000000e+00
3.210000000000000353e-02,3.788524279291897168e-01,-3.262986942238018662e-01,0.000000000000000000e+00
3.215000000000000496e-02,3.785016262365519801e-01,-3.267055538803794179e-01,0.000000000000000000e+00
3.219999999999999946e-02,3.781503876067728309e-01,-3.271120363924986951e-01,0.000000000000000000e+00
3.225000000000000089e-02,3.777987124453175416e-01,-3.275181412909218825e-01,0.000000000000000000e+00
3.230000000000000232e-02,3.774466011581549263e-01,-3.279238681068468164e-01,0.000000000000000000e+00
3.235000000000000375e-02,3.770940541517576738e-01,-3.283292163719081502e-01,0.000000000000000000e+00
3.239999999999999825e-02,3.767410718331010711e-01,-3.287341856181771882e-01,0.000000000000000000e+00
3.244999999999999968e-02,3.763876546096631692e-01,-3.291387753781629955e-01,0.000000000000000000e+00
3.250000000000000111e-02,3.760338028894241735e-01,-3.295429851848127312e-01,0.000000000000000000e+00
3.255000000000000254e-02,3.756795170808654993e-01,-3.299468145715119261e-01,0.000000000000000000e+00
3.260000000000000397e-02,3.753247975929699942e-01,-3.303502630720854816e-01,0.000000000000000000e+00
3.264999999999999847e-02,3.749696448352209943e-01,-3.307533302207978920e-01,0.000000000000000000e+00
3.269999999999999990e-02,3.746140592176021022e-01,-3.311560155523540772e-01,0.000000000000000000e+00
3.275000000000000133e-02,3.742580411505963545e-01,-3.315583186018992712e-01,0.000000000000000000e+00
3.280000000000000276e-02,3.739015910451862768e-01,-3.319602389050204660e-01,0.000000000000000000e+00
3.285000000000000420e-02,3.735447093128530516e-01,-3.323617759977463559e-01,0.000000000000000000e+00
3.289999999999999869e-02,3.731873963655760185e-01,-3.327629294165478369e-01,0.000000000000000000e+00
3.295000000000000012e-02,3.728296526158325630e-01,-3.331636986983390059e-01,0.000000000000000000e+00
3.300000000000000155e-02,3.724714784765970066e-01,-3.335640833804770500e-01,0.000000000000000000e+00
3.305000000000000299e-02,3.721128743613409395e-01,-3.339640830007635230e-01,0.000000000000000000e+00
3.310000000000000442e-02,3.717538406840319998e-01,-3.343636970974441791e-01,0.000000000000000000e+00
3.314999999999999891e-02,3.713943778591336509e-01,-3.347629252092099161e-01,0.000000000000000000e+00
3.320000000000000034e-02,3.710344863016050154e-01,-3.351617668751972201e-01,0.000000000000000000e+00
3.325000000000000178e-02,3.706741664269000980e-01,-3.355602216349887756e-01,0.000000000000000000e+00
3.330000000000000321e-02,3.703134186509671189e-01,-3.359582890286136880e-01,0.000000000000000000e+00
3.335000000000000464e-02,3.699522433902486251e-01,-3.363559685965484825e-01,0.000000000000000000e+00
3.339999999999999913e-02,3.695906410616802140e-01,-3.367532598797171595e-01,0.000000000000000000e+00
3.345000000000000057e-02,3.692286120826908102e-01,-3.371501624194920277e-01,0.000000000000000000e+00
3.350000000000000200e-02,3.688661568712017225e-01,-3.375466757576942589e-01,0.000000000000000000e+00
3.355000000000000343e-02,3.685032758456263657e-01,-3.379427994365942767e-01,0.000000000000000000e+00
3.360000000000000486e-02,3.681399694248696508e-01,-3.383385329989122003e-01,0.000000000000000000e+00
3.364999999999999936e-02,3.677762380283276511e-01,-3.387338759878186778e-01,0.000000000000000000e+00
3.370000000000000079e-02,3.674120820758868255e-01,-3.391288279469349964e-01,0.000000000000000000e+00
3.375000000000000222e-02,3.670475019879239076e-01,-3.395233884203339714e-01,0.000000000000000000e+00
3.380000000000000365e-02,3.666824981853052390e-01,-3.399175569525404450e-01,0.000000000000000000e+00
3.385000000000000508e-02,3.663170710893862148e-01,-3.403113330885315646e-01,0.000000000000000000e+00
3.389999999999999958e-02,3.659512211220110056e-01,-3.407047163737376150e-01,0.000000000000000000e+00
3.395000000000000101e-02,3.655849487055117253e-01,-3.410977063540420740e-01,0.000000000000000000e+00
3.400000000000000244e-02,3.652182542627084305e-01,-3.414903025757827781e-01,0.000000000000000000e+00
3.405000000000000387e-02,3.648511382169080663e-01,-3.418825045857518674e-01,0.000000000000000000e+00
3.409999999999999837e-02,3.644836009919044661e-01,-3.422743119311967286e-01,0.000000000000000000e+00
3.414999999999999980e-02,3.641156430119776299e-01,-3.426657241598202175e-01,0.000000000000000000e+00
3.420000000000000123e-02,3.637472647018932803e-01,-3.430567408197816026e-01,0.000000000000000000e+00
3.425000000000000266e-02,3.633784664869022518e-01,-3.434473614596962321e-01,0.000000000000000000e+00
3.430000000000000410e-02,3.630092487927402689e-01,-3.438375856286370880e-01,0.000000000000000000e+00
3.434999999999999859e-02,3.626396120456272798e-01,-3.442274128761347862e-01,0.000000000000000000e+00
3.440000000000000002e-02,3.622695566722667904e-01,-3.446168427521778543e-01,0.000000000000000000e+00
3.445000000000000145e-02,3.618990830998457531e-01,-3.450058748072137860e-01,0.000000000000000000e+00
3.450000000000000289e-02,3.615281917560339564e-01,-3.453945085921493741e-01,0.000000000000000000e+00
3.455000000000000432e-02,3.611568830689831366e-01,-3.457827436583508773e-01,0.000000000000000000e+00
3.459999999999999881e-02,3.607851574673270889e-01,-3.461705795576451306e-01,0.000000000000000000e+00
3.465000000000000024e-02,3.604130153801808900e-01,-3.465580158423196555e-01,0.000000000000000000e+00
3.470000000000000168e-02,3.600404572371402878e-01,-3.469450520651231606e-01,0.000000000000000000e+00
3.475000000000000311e-02,3.600404572371402323e-01,-3.469450520651231051e-01,0.000000000000000000e+00
3.480000000000000454e-02,3.596674834682812016e-01,-3.473316877792662627e-01,0.000000000000000000e+00
3.484999999999999903e-02,3.592940945041596112e-01,-3.477179225384219863e-01,0.000000000000000000e+00
3.490000000000000047e-02,3.589202907758106686e-01,-3.481037558967262080e-01,0.000000000000000000e+00
3.495000000000000190e-02,3.585460727147482540e-01,-3.484891874087781005e-01,0.000000000000000000e+00
3.500000000000000333e-02,3.581714407529646427e-01,-3.488742166296407432e-01,0.000000000000000000e+00
3.505000000000000476e-02,3.577963953229299499e-01,-3.492588431148416772e-01,0.000000000000000000e+00
3.509999999999999926e-02,3.574209368575915757e-01,-3.496430664203732941e-01,0.000000000000000000e+00
3.515000000000000069e-02,3.570450657903735392e-01,-3.500268861026933354e-01,0.000000000000000000e+00
3.520000000000000212e-02,3.566687825551763114e-01,-3.504103017187256142e-01,0.000000000000000000e+00
3.525000000000000355e-02,3.562920875863763159e-01,-3.507933128258604594e-01,0.000000000000000000e+00
3.530000000000000498e-02,3.559149813188248745e-01,-3.511759189819548821e-01,0.000000000000000000e+00
3.534999999999999948e-02,3.555374641878484843e-01,-3.515581197453335749e-01,0.000000000000000000e+00
3.540000000000000091e-02,3.551595366292478739e-01,-3.519399146747892448e-01,0.000000000000000000e+00
3.545000000000000234e-02,3.547811990792973380e-01,-3.523213033295828911e-01,0.000000000000000000e+00
3.550000000000000377e-02,3.544024519747447366e-01,-3.527022852694448041e-01,0.000000000000000000e+00
3.554999999999999827e-02,3.544024519747446811e-01,-3.527022852694447486e-01,0.000000000000000000e+00
3.559999999999999970e-02,3.540232957528103852e-01,-3.530828600545743434e-01,0.000000000000000000e+00
3.565000000000000113e-02,3.536437308511873878e-01,-3.534630272456413258e-01,0.000000000000000000e+00
3.570000000000000256e-02,3.532637577080400271e-01,-3.538427864037858583e-01,0.000000000000000000e+00
3.575000000000000400e-02,3.528833767620042638e-01,-3.542221370906190603e-01,0.000000000000000000e+00
3.579999999999999849e-02,3.525025884521867936e-01,-3.546010788682237846e-01,0.000000000000000000e+00
3.584999999999999992e-02,3.521213932181642692e-01,-3.549796112991546737e-01,0.000000000000000000e+00
3.590000000000000135e-02,3.517397914999834674e-01,-3.553577339464390472e-01,0.000000000000000000e+00
3.595000000000000279e-02,3.513577837381601787e-01,-3.557354463735772354e-01,0.000000000000000000e+00
3.600000000000000422e-02,3.509753703736789299e-01,-3.561127481445431897e-01,0.000000000000000000e+00
3.604999999999999871e-02,3.505925518479926506e-01,-3.564896388237849267e-01,0.000000000000000000e+00
3.610000000000000014e-02,3.502093286030216746e-01,-3.568661179762247504e-01,0.000000000000000000e+00
3.615000000000000158e-02,3.498257010811538503e-01,-3.572421851672604731e-01,0.000000000000000000e+00
3.620000000000000301e-02,3.494416697252435422e-01,-3.576178399627650273e-01,0.000000000000000000e+00
3.625000000000000444e-02,3.490572349786112971e-01,-3.579930819290877420e-01,0.000000000000000000e+00
3.629999999999999893e-02,3.486723972850434561e-01,-3.583679106330543429e-01,0.000000000000000000e+00
3.635000000000000037e-02,3.482871570887913770e-01,-3.587423256419676187e-01,0.000000000000000000e+00
3.640000000000000180e-02,3.479015148345711572e-01,-3.591163265236080870e-01,0.000000000000000000e+00
3.645000000000000323e-02,3.475154709675629117e-01,-3.594899128462340498e-01,0.000000000000000000e+00
3.650000000000000466e-02,3.471290259334104400e-01,-3.598630841785825929e-01,0.000000000000000000e+00
3.654999999999999916e-02,3.467421801782207824e-01,-3.602358400898699187e-01,0.000000000000000000e+00
3.660000000000000059e-02,3.463549341485632205e-01,-3.606081801497914574e-01,0.000000000000000000e+00
3.665000000000000202e-02,3.459672882914694436e-01,-3.609801039285229773e-01,0.000000000000000000e+00
3.670000000000000345e-02,3.455792430544325500e-01,-3.613516109967207512e-01,0.000000000000000000e+00
3.675000000000000488e-02,3.451907988854067688e-01,-3.617227009255220560e-01,0.000000000000000000e+00
3.679999999999999938e-02,3.448019562328066834e-01,-3.620933732865456167e-01,0.000000000000000000e+00
3.685000000000000081e-02,3.444127155455069533e-01,-3.624636276518923839e-01,0.000000000000000000e+00
3.690000000000000224e-02,3.440230772728418707e-01,-3.628334635941458108e-01,0.000000000000000000e+00
3.695000000000000367e-02,3.436330418646043605e-01,-3.632028806863720205e-01,0.000000000000000000e+00
3.700000000000000511e-02,3.432426097710462587e-01,-3.635718785021213040e-01,0.000000000000000000e+00
3.704999999999999960e-02,3.428517814428768684e-01,-3.639404566154273435e-01,0.000000000000000000e+00
3.710000000000000103e-02,3.424605573312632933e-01,-3.643086146008087112e-01,0.000000000000000000e+00
3.715000000000000246e-02,3.420689378878291609e-01,-3.646763520332686470e-01,0.000000000000000000e+00
3.720000000000000390e-02,3.416769235646546776e-01,-3.650436684882961691e-01,0.000000000000000000e+00
3.724999999999999839e-02,3.412845148142760188e-01,-3.654105635418661846e-01,0.000000000000000000e+00
3.729999999999999982e-02,3.408917120896843289e-01,-3.657770367704399339e-01,0.000000000000000000e+00
3.735000000000000125e-02,3.404985158443258331e-01,-3.661430877509656567e-01,0.000000000000000000e+00
3.740000000000000269e-02,3.401049265321010040e-01,-3.665087160608792582e-01,0.000000000000000000e+00
3.745000000000000412e-02,3.397109446073638406e-01,-3.668739212781041981e-01,0.000000000000000000e+00
3.749999999999999861e-02,3.393165705249218123e-01,-3.672387029810525449e-01,0.000000000000000000e+00
3.755000000000000004e-02,3.389218047400350264e-01,-3.676030607486253099e-01,0.000000000000000000e+00
3.760000000000000148e-02,3.385266477084158399e-01,-3.679669941602128902e-01,0.000000000000000000e+00
3.765000000000000291e-02,3.381310998862279704e-01,-3.683305027956953470e-01,0.000000000000000000e+00
3.770000000000000434e-02,3.377351617300864972e-01,-3.686935862354433491e-01,0.000000000000000000e+00
3.774999999999999883e-02,3.373388336970571388e-01,-3.690562440603182282e-01,0.000000000000000000e+00
3.780000000000000027e-02,3.369421162446556428e-01,-3.694184758516728118e-01,0.000000000000000000e+00
3.785000000000000170e-02,3.365450098308471194e-01,-3.697802811913514787e-01,0.000000000000000000e+00
3.790000000000000313e-02,3.361475149140459306e-01,-3.701416596616912691e-01,0.000000000000000000e+00
3.795000000000000456e-02,3.357496319531146911e-01,-3.705026108455215517e-01,0.000000000000000000e+00
3.799999999999999906e-02,3.353513614073642124e-01,-3.708631343261653557e-01,0.000000000000000000e+00
3.805000000000000049e-02,3.349527037365526150e-01,-3.712232296874392046e-01,0.000000000000000000e+00
3.810000000000000192e-02,3.345536594008847731e-01,-3.715828965136538375e-01,0.000000000000000000e+00
3.815000000000000335e-02,3.341542288610121481e-01,-3.719421343896148202e-01,0.000000000000000000e+00
3.820000000000000479e-02,3.337544125780319559e-01,-3.723009429006228777e-01,0.000000000000000000e+00
3.824999999999999928e-02,3.333542110134866121e-01,-3.726593216324742275e-01,0.000000000000000000e+00
3.830000000000000071e-02,3.329536246293633983e-01,-3.730172701714613015e-01,0.000000000000000000e+00
3.835000000000000214e-02,3.325526538880939076e-01,-3.733747881043733008e-01,0.000000000000000000e+00
3.840000000000000357e-02,3.321512992525531560e-01,-3.737318750184962513e-01,0.000000000000000000e+00
3.845000000000000501e-02,3.317495611860595828e-01,-3.740885305016138918e-01,0.000000000000000000e+00
3.849999999999999950e-02,3.313474401523741064e-01,-3.744447541420080072e-01,0.000000000000000000e+00
3.855000000000000093e-02,3.309449366156999028e-01,-3.748005455284588727e-01,0.000000000000000000e+00
3.860000000000000236e-02,3.305420510406814061e-01,-3.751559042502456420e-01,0.000000000000000000e+00
3.865000000000000380e-02,3.301387838924044749e-01,-3.755108298971472358e-01,0.000000000000000000e+00
3.870000000000000523e-02,3.297351356363950603e-01,-3.758653220594420641e-01,0.000000000000000000e+00
3.874999999999999972e-02,3.293311067386193725e-01,-3.762193803279093585e-01,0.000000000000000000e+00
3.880000000000000115e-02,3.289266976654827701e-01,-3.765730042938289501e-01,0.000000000000000000e+00
3.885000000000000259e-02,3.285219088838296497e-01,-3.769261935489821580e-01,0.000000000000000000e+00
3.890000000000000402e-02,3.281167408609426683e-01,-3.772789476856520663e-01,0.000000000000000000e+00
3.894999999999999851e-02,3.277111940645422994e-01,-3.776312662966241351e-01,0.000000000000000000e+00
3.899999999999999994e-02,3.273052689627863887e-01,-3.779831489751865892e-01,0.000000000000000000e+00
3.905000000000000138e-02,3.268989660242691553e-01,-3.783345953151306951e-01,0.000000000000000000e+00
3.910000000000000281e-02,3.264922857180212468e-01,-3.786856049107517053e-01,0.000000000000000000e+00
3.915000000000000424e-02,3.260852285135090178e-01,-3.790361773568489134e-01,0.000000000000000000e+00
3.919999999999999873e-02,3.256777948806336420e-01,-3.793863122487260986e-01,0.000000000000000000e+00
3.925000000000000017e-02,3.252699852897311117e-01,-3.797360091821924688e-01,0.000000000000000000e+00
3.930000000000000160e-02,3.248618002115711278e-01,-3.800852677535624946e-01,0.000000000000000000e+00
3.935000000000000303e-02,3.244532401173569891e-01,-3.804340875596567417e-01,0.000000000000000000e+00
3.940000000000000446e-02,3.240443054787252031e-01,-3.807824681978026482e-01,0.000000000000000000e+00
3.944999999999999896e-02,3.236349967677441541e-01,-3.811304092658341913e-01,0.000000000000000000e+00
3.950000000000000039e-02,3.232253144569142145e-01,-3.814779103620928313e-01,0.000000000000000000e+00
3.955000000000000182e-02,3.228152590191671889e-01,-3.818249710854280665e-01,0.000000000000000000e+00
3.960000000000000325e-02,3.224048309278655378e-01,-3.821715910351978218e-01,0.000000000000000000e+00
3.965000000000000469e-02,3.219940306568017108e-01,-3.825177698112685043e-01,0.000000000000000000e+00
3.969999999999999918e-02,3.215828586801981470e-01,-3.828635070140162244e-01,0.000000000000000000e+00
3.975000000000000061e-02,3.211713154727062203e-01,-3.832088022443266295e-01,0.000000000000000000e+00
3.980000000000000204e-02,3.207594015094056283e-01,-3.835536551035954589e-01,0.000000000000000000e+00
3.985000000000000347e-02,3.203471172658044486e-01,-3.838980651937294875e-01,0.000000000000000000e+00
3.990000000000000491e-02,3.199344632178378611e-01,-3.842420321171461373e-01,0.000000000000000000e+00
3.994999999999999940e-02,3.195214398418682045e-01,-3.845855554767746987e-01,0.000000000000000000e+00
4.000000000000000083e-02,3.191080476146840317e-01,-3.849286348760565524e-01,0.000000000000000000e+00
